comune,comune_code,date,cases
Abbadia Cerreto,98001,25/10/2020,6
Abbadia Lariana,97001,25/10/2020,24
Abbiategrasso,15002,25/10/2020,552
Acquafredda,17001,25/10/2020,26
Acquanegra Cremonese,19001,25/10/2020,44
Acquanegra sul Chiese,20001,25/10/2020,49
Adrara San Martino,16001,25/10/2020,16
Adro,17002,25/10/2020,109
Agnadello,19002,25/10/2020,59
Agnosine,17003,25/10/2020,32
Agrate Brianza,108001,25/10/2020,179
Aicurzio,108002,25/10/2020,13
Airuno,97002,25/10/2020,25
Albairate,15005,25/10/2020,31
Albano Sant'Alessandro,16003,25/10/2020,92
Albavilla,13003,25/10/2020,91
Albese con Cassano,13004,25/10/2020,219
Albiate,108003,25/10/2020,63
Albino,16004,25/10/2020,496
Albiolo,13005,25/10/2020,17
Albizzate,12002,25/10/2020,35
Albonese,18003,25/10/2020,38
Albosaggia,14002,25/10/2020,17
Albuzzano,18004,25/10/2020,97
Alfianello,17004,25/10/2020,43
Algua,16248,25/10/2020,10
Almè,16005,25/10/2020,84
Almenno San Bartolomeo,16006,25/10/2020,82
Almenno San Salvatore,16007,25/10/2020,81
Alserio,13006,25/10/2020,15
Alta Valle Intelvi,13253,25/10/2020,45
Alzano Lombardo,16008,25/10/2020,278
Alzate Brianza,13007,25/10/2020,72
Ambivere,16009,25/10/2020,28
Andalo Valtellino,14003,25/10/2020,4
Anfo,17005,25/10/2020,15
Angera,12003,25/10/2020,46
Angolo Terme,17006,25/10/2020,40
Annicco,19003,25/10/2020,61
Annone di Brianza,97003,25/10/2020,22
Antegnate,16010,25/10/2020,21
Anzano del Parco,13009,25/10/2020,23
Appiano Gentile,13010,25/10/2020,87
Aprica,14004,25/10/2020,11
Arcene,16011,25/10/2020,65
Arcisate,12004,25/10/2020,87
Arconate,15007,25/10/2020,87
Arcore,108004,25/10/2020,216
Ardenno,14005,25/10/2020,51
Ardesio,16012,25/10/2020,45
Arena Po,18005,25/10/2020,22
Arese,15009,25/10/2020,285
Argegno,13011,25/10/2020,7
Arluno,15010,25/10/2020,163
Arosio,13012,25/10/2020,132
Arsago Seprio,12005,25/10/2020,61
Artogne,17007,25/10/2020,93
Arzago d'Adda,16013,25/10/2020,26
Asola,20002,25/10/2020,143
Assago,15011,25/10/2020,117
Asso,13013,25/10/2020,50
Aviatico,16015,25/10/2020,11
Azzanello,19004,25/10/2020,14
Azzano Mella,17008,25/10/2020,33
Azzano San Paolo,16016,25/10/2020,102
Azzate,12006,25/10/2020,42
Azzio,12007,25/10/2020,4
Azzone,16017,25/10/2020,5
Badia Pavese,18006,25/10/2020,6
Bagnaria,18007,25/10/2020,7
Bagnatica,16018,25/10/2020,59
Bagnolo Cremasco,19005,25/10/2020,75
Bagnolo Mella,17009,25/10/2020,204
Bagnolo San Vito,20003,25/10/2020,69
Bagolino,17010,25/10/2020,73
Ballabio,97004,25/10/2020,60
Baranzate,15250,25/10/2020,182
Barasso,12008,25/10/2020,13
Barbariga,17011,25/10/2020,52
Barbata,16019,25/10/2020,5
Barbianello,18008,25/10/2020,5
Bardello,12009,25/10/2020,19
Bareggio,15012,25/10/2020,226
Barghe,17012,25/10/2020,11
Bariano,16020,25/10/2020,40
Barlassina,108005,25/10/2020,121
Barni,13015,25/10/2020,4
Barzago,97005,25/10/2020,22
Barzana,16021,25/10/2020,30
Barzanò,97006,25/10/2020,40
Barzio,97007,25/10/2020,12
Bascapè,18009,25/10/2020,15
Basiano,15014,25/10/2020,51
Basiglio,15015,25/10/2020,130
Bassano Bresciano,17013,25/10/2020,35
Bastida Pancarana,18011,25/10/2020,21
Battuda,18012,25/10/2020,5
Bedizzole,17014,25/10/2020,148
Bedulita,16022,25/10/2020,7
Belgioioso,18013,25/10/2020,176
Bellagio,13250,25/10/2020,76
Bellano,97008,25/10/2020,56
Bellinzago Lombardo,15016,25/10/2020,36
Bellusco,108006,25/10/2020,102
Berbenno,16023,25/10/2020,31
Berbenno di Valtellina,14007,25/10/2020,68
Beregazzo con Figliaro,13022,25/10/2020,90
Bereguardo,18014,25/10/2020,25
Bergamo,16024,25/10/2020,2303
Berlingo,17015,25/10/2020,29
Bernareggio,108007,25/10/2020,163
Bernate Ticino,15019,25/10/2020,17
Bertonico,98002,25/10/2020,11
Berzo Demo,17016,25/10/2020,32
Berzo Inferiore,17017,25/10/2020,62
Berzo San Fermo,16025,25/10/2020,23
Besana in Brianza,108008,25/10/2020,224
Besano,12011,25/10/2020,39
Besate,15022,25/10/2020,18
Besnate,12012,25/10/2020,38
Besozzo,12013,25/10/2020,64
Biandronno,12014,25/10/2020,26
Bianzano,16026,25/10/2020,9
Bianzone,14008,25/10/2020,20
Biassono,108009,25/10/2020,213
Bienno,17018,25/10/2020,102
Binago,13023,25/10/2020,35
Binasco,15024,25/10/2020,169
Bione,17019,25/10/2020,23
Bisuschio,12015,25/10/2020,34
Bizzarone,13024,25/10/2020,9
Blevio,13026,25/10/2020,9
Bodio Lomnago,12016,25/10/2020,49
Boffalora d'Adda,98003,25/10/2020,25
Boffalora sopra Ticino,15026,25/10/2020,53
Bolgare,16028,25/10/2020,75
Bollate,15027,25/10/2020,588
Boltiere,16029,25/10/2020,77
Bonate Sopra,16030,25/10/2020,113
Bonate Sotto,16031,25/10/2020,73
Bonemerse,19006,25/10/2020,52
Bordolano,19007,25/10/2020,18
Borgarello,18015,25/10/2020,37
Borghetto Lodigiano,98004,25/10/2020,167
Borgo di Terzo,16032,25/10/2020,15
Borgo Mantovano,20072,25/10/2020,45
Borgo Priolo,18016,25/10/2020,15
Borgo San Giacomo,17020,25/10/2020,108
Borgo San Giovanni,98005,25/10/2020,32
Borgo San Siro,18018,25/10/2020,9
Borgo Virgilio,20071,25/10/2020,187
Borgocarbonara,20073,25/10/2020,7
Borgoratto Mormorolo,18017,25/10/2020,8
Borgosatollo,17021,25/10/2020,183
Bormio,14009,25/10/2020,77
Bornasco,18019,25/10/2020,30
Borno,17022,25/10/2020,82
Bosisio Parini,97009,25/10/2020,31
Bosnasco,18020,25/10/2020,5
Bossico,16033,25/10/2020,11
Bottanuco,16034,25/10/2020,62
Botticino,17023,25/10/2020,185
Bovegno,17024,25/10/2020,25
Bovezzo,17025,25/10/2020,95
Bovisio-Masciago,108010,25/10/2020,193
Bozzolo,20007,25/10/2020,58
Bracca,16035,25/10/2020,10
Brallo di Pregola,18021,25/10/2020,6
Brandico,17026,25/10/2020,14
Branzi,16036,25/10/2020,5
Braone,17027,25/10/2020,9
Brebbia,12017,25/10/2020,28
Bregano,12018,25/10/2020,12
Bregnano,13028,25/10/2020,58
Brembate,16037,25/10/2020,95
Brembate di Sopra,16038,25/10/2020,139
Brembio,98006,25/10/2020,54
Breme,18022,25/10/2020,8
Brenna,13029,25/10/2020,21
Breno,17028,25/10/2020,141
Brenta,12019,25/10/2020,18
Brescia,17029,25/10/2020,3121
Bressana Bottarone,18023,25/10/2020,42
Bresso,15032,25/10/2020,554
Brezzo di Bedero,12020,25/10/2020,6
Brienno,13030,25/10/2020,4
Brignano Gera d'Adda,16040,25/10/2020,92
Brione,17030,25/10/2020,7
Briosco,108011,25/10/2020,64
Brissago-Valtravaglia,12022,25/10/2020,10
Brivio,97010,25/10/2020,80
Broni,18024,25/10/2020,152
Brugherio,108012,25/10/2020,572
Brunate,13032,25/10/2020,13
Brunello,12023,25/10/2020,4
Brusaporto,16042,25/10/2020,73
Brusimpiano,12024,25/10/2020,13
Bubbiano,15035,25/10/2020,33
Buccinasco,15036,25/10/2020,355
Buglio in Monte,14010,25/10/2020,9
Buguggiate,12025,25/10/2020,16
Bulciago,97011,25/10/2020,24
Bulgarograsso,13034,25/10/2020,20
Burago di Molgora,108013,25/10/2020,29
Buscate,15038,25/10/2020,38
Busnago,108051,25/10/2020,133
Bussero,15040,25/10/2020,144
Busto Arsizio,12026,25/10/2020,888
Busto Garolfo,15041,25/10/2020,158
Cabiate,13035,25/10/2020,65
Cadegliano-Viconago,12027,25/10/2020,23
Cadorago,13036,25/10/2020,64
Cadrezzate con Osmate,12143,25/10/2020,28
Caglio,13037,25/10/2020,5
Caino,17031,25/10/2020,16
Caiolo,14011,25/10/2020,7
Cairate,12029,25/10/2020,71
Calcinate,16043,25/10/2020,63
Calcinato,17032,25/10/2020,129
Calcio,16044,25/10/2020,55
Calco,97012,25/10/2020,76
Calolziocorte,97013,25/10/2020,200
Calusco d'Adda,16046,25/10/2020,149
Calvagese della Riviera,17033,25/10/2020,27
Calvatone,19009,25/10/2020,22
Calvenzano,16047,25/10/2020,65
Calvignasco,15042,25/10/2020,12
Calvisano,17034,25/10/2020,122
Cambiago,15044,25/10/2020,60
Camerata Cornello,16048,25/10/2020,10
Camisano,19010,25/10/2020,21
Campagnola Cremasca,19011,25/10/2020,9
Camparada,108014,25/10/2020,23
Campione d'Italia,13040,25/10/2020,13
Campodolcino,14012,25/10/2020,7
Campospinoso,18026,25/10/2020,54
Candia Lomellina,18027,25/10/2020,19
Canegrate,15046,25/10/2020,147
Canneto Pavese,18029,25/10/2020,10
Canneto sull'Oglio,20008,25/10/2020,93
Canonica d'Adda,16049,25/10/2020,57
Cantello,12030,25/10/2020,44
Cantù,13041,25/10/2020,595
Canzo,13042,25/10/2020,91
Capergnanica,19012,25/10/2020,30
Capiago Intimiano,13043,25/10/2020,66
Capizzone,16050,25/10/2020,24
Capo di Ponte,17035,25/10/2020,72
Caponago,108052,25/10/2020,77
Cappella Cantone,19013,25/10/2020,12
Cappella de' Picenardi,19014,25/10/2020,5
Capralba,19015,25/10/2020,23
Capriano del Colle,17037,25/10/2020,72
Capriate San Gervasio,16051,25/10/2020,150
Caprino Bergamasco,16052,25/10/2020,37
Capriolo,17038,25/10/2020,141
Carate Brianza,108015,25/10/2020,297
Carate Urio,13044,25/10/2020,11
Caravaggio,16053,25/10/2020,207
Caravate,12031,25/10/2020,17
Carbonara al Ticino,18030,25/10/2020,11
Carbonate,13045,25/10/2020,15
Cardano al Campo,12032,25/10/2020,108
Carenno,97014,25/10/2020,14
Carimate,13046,25/10/2020,52
Carlazzo,13047,25/10/2020,24
Carnago,12033,25/10/2020,60
Carnate,108016,25/10/2020,107
Carobbio degli Angeli,16055,25/10/2020,43
Caronno Pertusella,12034,25/10/2020,251
Caronno Varesino,12035,25/10/2020,31
Carpenedolo,17039,25/10/2020,245
Carpiano,15050,25/10/2020,41
Carugate,15051,25/10/2020,207
Carugo,13048,25/10/2020,60
Carvico,16057,25/10/2020,50
Casalbuttano ed Uniti,19016,25/10/2020,166
Casale Cremasco-Vidolasco,19017,25/10/2020,26
Casale Litta,12036,25/10/2020,16
Casaletto Ceredano,19018,25/10/2020,16
Casaletto di Sopra,19019,25/10/2020,8
Casaletto Lodigiano,98008,25/10/2020,29
Casaletto Vaprio,19020,25/10/2020,37
Casalmaggiore,19021,25/10/2020,364
Casalmaiocco,98009,25/10/2020,48
Casalmorano,19022,25/10/2020,57
Casalmoro,20010,25/10/2020,31
Casaloldo,20011,25/10/2020,40
Casalpusterlengo,98010,25/10/2020,349
Casalromano,20012,25/10/2020,22
Casalzuigno,12037,25/10/2020,9
Casargo,97015,25/10/2020,5
Casarile,15055,25/10/2020,40
Casatenovo,97016,25/10/2020,192
Casatisma,18032,25/10/2020,18
Casazza,16058,25/10/2020,72
Casciago,12038,25/10/2020,28
Casei Gerola,18033,25/10/2020,69
Caselle Landi,98011,25/10/2020,33
Caselle Lurani,98012,25/10/2020,64
Casirate d'Adda,16059,25/10/2020,43
Caslino d'Erba,13052,25/10/2020,15
Casnate con Bernate,13053,25/10/2020,53
Casnigo,16060,25/10/2020,65
Casorate Primo,18034,25/10/2020,120
Casorate Sempione,12039,25/10/2020,63
Casorezzo,15058,25/10/2020,75
Caspoggio,14013,25/10/2020,24
Cassago Brianza,97017,25/10/2020,41
Cassano d'Adda,15059,25/10/2020,252
Cassano Magnago,12040,25/10/2020,178
Cassina de' Pecchi,15060,25/10/2020,184
Cassina Rizzardi,13055,25/10/2020,49
Cassinetta di Lugagnano,15061,25/10/2020,21
Cassolnovo,18035,25/10/2020,107
Castana,18036,25/10/2020,13
Castano Primo,15062,25/10/2020,98
Casteggio,18037,25/10/2020,95
Castegnato,17040,25/10/2020,116
Castel d'Ario,20014,25/10/2020,27
Castel Gabbiano,19024,25/10/2020,5
Castel Goffredo,20015,25/10/2020,169
Castel Mella,17042,25/10/2020,132
Castel Rozzone,16063,25/10/2020,48
Castelbelforte,20013,25/10/2020,11
Castelcovati,17041,25/10/2020,98
Casteldidone,19023,25/10/2020,6
Castelgerundo,98062,25/10/2020,43
Castellanza,12042,25/10/2020,149
Castelleone,19025,25/10/2020,306
Castelletto di Branduzzo,18038,25/10/2020,11
Castelli Calepio,16062,25/10/2020,137
Castello Cabiaglio,12043,25/10/2020,6
Castello d'Agogna,18039,25/10/2020,5
Castello dell'Acqua,14014,25/10/2020,8
Castello di Brianza,97019,25/10/2020,17
Castellucchio,20016,25/10/2020,46
Castelmarte,13058,25/10/2020,11
Castelnovetto,18040,25/10/2020,4
Castelnuovo Bocca d'Adda,98013,25/10/2020,41
Castelseprio,12044,25/10/2020,10
Castelveccana,12045,25/10/2020,13
Castelverde,19026,25/10/2020,138
Castenedolo,17043,25/10/2020,225
Castiglione d'Adda,98014,25/10/2020,257
Castiglione delle Stiviere,20017,25/10/2020,431
Castiglione Olona,12046,25/10/2020,59
Castione Andevenno,14015,25/10/2020,14
Castione della Presolana,16064,25/10/2020,76
Castiraga Vidardo,98015,25/10/2020,31
Casto,17044,25/10/2020,29
Castrezzato,17045,25/10/2020,91
Castro,16065,25/10/2020,18
Castronno,12047,25/10/2020,33
Cava Manara,18041,25/10/2020,169
Cavaria con Premezzo,12048,25/10/2020,41
Cavenago d'Adda,98017,25/10/2020,41
Cavenago di Brianza,108017,25/10/2020,116
Cavernago,16066,25/10/2020,21
Cavriana,20018,25/10/2020,56
Cazzago Brabbia,12049,25/10/2020,9
Cazzago San Martino,17046,25/10/2020,149
Cazzano Sant'Andrea,16067,25/10/2020,28
Cecima,18042,25/10/2020,10
Cedegolo,17047,25/10/2020,23
Cedrasco,14016,25/10/2020,6
Cella Dati,19028,25/10/2020,6
Cellatica,17048,25/10/2020,63
Cenate Sopra,16068,25/10/2020,29
Cenate Sotto,16069,25/10/2020,49
Cene,16070,25/10/2020,74
Centro Valle Intelvi,13254,25/10/2020,121
Cerano d'Intelvi,13063,25/10/2020,5
Ceranova,18043,25/10/2020,17
Cercino,14017,25/10/2020,10
Ceresara,20019,25/10/2020,19
Cerete,16071,25/10/2020,17
Cergnago,18045,25/10/2020,7
Ceriano Laghetto,108018,25/10/2020,94
Cermenate,13064,25/10/2020,88
Cernobbio,13065,25/10/2020,54
Cernusco Lombardone,97020,25/10/2020,61
Cernusco sul Naviglio,15070,25/10/2020,524
Cerro al Lambro,15071,25/10/2020,46
Cerro Maggiore,15072,25/10/2020,219
Certosa di Pavia,18046,25/10/2020,160
Cerveno,17049,25/10/2020,17
Cervesina,18047,25/10/2020,54
Cervignano d'Adda,98018,25/10/2020,31
Cesana Brianza,97021,25/10/2020,53
Cesano Boscone,15074,25/10/2020,505
Cesano Maderno,108019,25/10/2020,543
Cesate,15076,25/10/2020,237
Ceto,17050,25/10/2020,42
Cevo,17051,25/10/2020,21
Chiari,17052,25/10/2020,313
Chiavenna,14018,25/10/2020,77
Chiesa in Valmalenco,14019,25/10/2020,26
Chieve,19029,25/10/2020,24
Chignolo d'Isola,16072,25/10/2020,41
Chignolo Po,18048,25/10/2020,86
Chiuduno,16073,25/10/2020,75
Chiuro,14020,25/10/2020,22
Cicognolo,19030,25/10/2020,18
Cigognola,18049,25/10/2020,38
Cigole,17053,25/10/2020,38
Cilavegna,18050,25/10/2020,156
Cimbergo,17054,25/10/2020,7
Cingia de' Botti,19031,25/10/2020,89
Cinisello Balsamo,15077,25/10/2020,1335
Cino,14021,25/10/2020,7
Cirimido,13068,25/10/2020,14
Cisano Bergamasco,16074,25/10/2020,70
Ciserano,16075,25/10/2020,75
Cislago,12050,25/10/2020,135
Cisliano,15078,25/10/2020,47
Cittiglio,12051,25/10/2020,45
Civate,97022,25/10/2020,66
Cividate al Piano,16076,25/10/2020,83
Cividate Camuno,17055,25/10/2020,50
Civo,14022,25/10/2020,26
Clivio,12052,25/10/2020,5
Clusone,16077,25/10/2020,225
Coccaglio,17056,25/10/2020,135
Cocquio-Trevisago,12053,25/10/2020,151
Codevilla,18051,25/10/2020,7
Codogno,98019,25/10/2020,467
Cogliate,108020,25/10/2020,82
Colere,16078,25/10/2020,24
Colico,97023,25/10/2020,65
Colle Brianza,97024,25/10/2020,14
Collebeato,17057,25/10/2020,55
Collio,17058,25/10/2020,13
Cologne,17059,25/10/2020,89
Cologno al Serio,16079,25/10/2020,131
Cologno Monzese,15081,25/10/2020,922
Colonno,13074,25/10/2020,6
Colorina,14023,25/10/2020,20
Colturano,15082,25/10/2020,18
Colverde,13251,25/10/2020,37
Colzate,16080,25/10/2020,41
Comabbio,12054,25/10/2020,13
Comazzo,98020,25/10/2020,26
Comerio,12055,25/10/2020,44
Comezzano-Cizzago,17060,25/10/2020,55
Commessaggio,20020,25/10/2020,7
Como,13075,25/10/2020,974
Comun Nuovo,16081,25/10/2020,49
Concesio,17061,25/10/2020,239
Concorezzo,108021,25/10/2020,287
Confienza,18052,25/10/2020,10
Copiano,18053,25/10/2020,24
Corana,18054,25/10/2020,4
Corbetta,15085,25/10/2020,214
Cormano,15086,25/10/2020,308
Corna Imagna,16082,25/10/2020,16
Cornale e Bastida,18191,25/10/2020,17
Cornaredo,15087,25/10/2020,268
Cornate d'Adda,108053,25/10/2020,124
Cornegliano Laudense,98021,25/10/2020,61
Corno Giovine,98022,25/10/2020,24
Correzzana,108022,25/10/2020,32
Corrido,13077,25/10/2020,8
Corsico,15093,25/10/2020,565
Corte de' Cortesi con Cignone,19032,25/10/2020,17
Corte de' Frati,19033,25/10/2020,45
Corte Franca,17062,25/10/2020,94
Corte Palasio,98024,25/10/2020,32
Corteno Golgi,17063,25/10/2020,38
Cortenova,97025,25/10/2020,8
Cortenuova,16083,25/10/2020,25
Corteolona e Genzone,18192,25/10/2020,27
Corvino San Quirico,18057,25/10/2020,9
Corzano,17064,25/10/2020,30
Cosio Valtellino,14024,25/10/2020,45
Costa de' Nobili,18058,25/10/2020,6
Costa di Mezzate,16084,25/10/2020,27
Costa Masnaga,97026,25/10/2020,62
Costa Serina,16247,25/10/2020,14
Costa Valle Imagna,16085,25/10/2020,9
Costa Volpino,16086,25/10/2020,105
Covo,16087,25/10/2020,58
Credaro,16088,25/10/2020,33
Credera Rubbiano,19034,25/10/2020,24
Crema,19035,25/10/2020,680
Cremella,97028,25/10/2020,15
Cremeno,97029,25/10/2020,23
Cremona,19036,25/10/2020,1748
Cremosano,19037,25/10/2020,18
Crespiatica,98025,25/10/2020,22
Crosio della Valle,12057,25/10/2020,6
Crotta d'Adda,19038,25/10/2020,14
Cuasso al Monte,12058,25/10/2020,34
Cucciago,13084,25/10/2020,32
Cuggiono,15096,25/10/2020,75
Cugliate-Fabiasco,12059,25/10/2020,14
Cumignano sul Naviglio,19039,25/10/2020,6
Cunardo,12060,25/10/2020,36
Cura Carpignano,18060,25/10/2020,68
Curno,16089,25/10/2020,106
Curtatone,20021,25/10/2020,139
Cusago,15097,25/10/2020,40
Cusano Milanino,15098,25/10/2020,267
Cusio,16090,25/10/2020,5
Cuveglio,12062,25/10/2020,34
Cuvio,12063,25/10/2020,39
Dairago,15099,25/10/2020,58
Dalmine,16091,25/10/2020,386
Darfo Boario Terme,17065,25/10/2020,267
Daverio,12064,25/10/2020,15
Delebio,14026,25/10/2020,32
Dello,17066,25/10/2020,61
Dervio,97030,25/10/2020,23
Desenzano del Garda,17067,25/10/2020,397
Desio,108023,25/10/2020,658
Dizzasco,13087,25/10/2020,39
Dolzago,97031,25/10/2020,22
Domaso,13089,25/10/2020,11
Dongo,13090,25/10/2020,80
Dorno,18061,25/10/2020,91
Dosolo,20022,25/10/2020,50
Dossena,16092,25/10/2020,19
Dovera,19041,25/10/2020,46
Dresano,15101,25/10/2020,55
Dubino,14027,25/10/2020,114
Dumenza,12065,25/10/2020,9
Edolo,17068,25/10/2020,98
Ello,97033,25/10/2020,12
Endine Gaiano,16093,25/10/2020,47
Entratico,16094,25/10/2020,24
Erba,13095,25/10/2020,327
Erbusco,17069,25/10/2020,100
Erve,97034,25/10/2020,7
Esine,17070,25/10/2020,145
Esino Lario,97035,25/10/2020,6
Eupilio,13097,25/10/2020,24
Faggeto Lario,13098,25/10/2020,7
Fagnano Olona,12067,25/10/2020,106
Faloppio,13099,25/10/2020,28
Fara Gera d'Adda,16096,25/10/2020,84
Fara Olivana con Sola,16097,25/10/2020,19
Fenegrò,13100,25/10/2020,25
Ferno,12068,25/10/2020,87
Ferrera Erbognone,18062,25/10/2020,27
Fiesco,19043,25/10/2020,25
Fiesse,17071,25/10/2020,18
Figino Serenza,13101,25/10/2020,52
Filago,16098,25/10/2020,40
Filighera,18063,25/10/2020,7
Fino del Monte,16099,25/10/2020,18
Fino Mornasco,13102,25/10/2020,114
Fiorano al Serio,16100,25/10/2020,56
Flero,17072,25/10/2020,100
Fombio,98026,25/10/2020,43
Fontanella,16101,25/10/2020,35
Fonteno,16102,25/10/2020,9
Forcola,14029,25/10/2020,9
Foresto Sparso,16104,25/10/2020,41
Formigara,19044,25/10/2020,29
Fornovo San Giovanni,16105,25/10/2020,39
Fortunago,18064,25/10/2020,6
Frascarolo,18065,25/10/2020,40
Fusine,14030,25/10/2020,6
Gabbioneta-Binanuova,19045,25/10/2020,28
Gadesco-Pieve Delmona,19046,25/10/2020,35
Gaggiano,15103,25/10/2020,137
Galbiate,97036,25/10/2020,169
Galgagnano,98027,25/10/2020,23
Gallarate,12070,25/10/2020,576
Galliate Lombardo,12071,25/10/2020,4
Gambara,17073,25/10/2020,45
Gambolò,18068,25/10/2020,141
Gandellino,16107,25/10/2020,13
Gandino,16108,25/10/2020,90
Gandosso,16109,25/10/2020,25
Garbagnate Milanese,15105,25/10/2020,511
Garbagnate Monastero,97037,25/10/2020,35
Gardone Riviera,17074,25/10/2020,28
Gardone Val Trompia,17075,25/10/2020,190
Gargnano,17076,25/10/2020,13
Garlasco,18069,25/10/2020,162
Garlate,97038,25/10/2020,24
Garzeno,13106,25/10/2020,12
Gavardo,17077,25/10/2020,199
Gaverina Terme,16110,25/10/2020,12
Gavirate,12072,25/10/2020,140
Gazoldo degli Ippoliti,20024,25/10/2020,47
Gazzada Schianno,12073,25/10/2020,26
Gazzaniga,16111,25/10/2020,133
Gazzuolo,20025,25/10/2020,30
Gemonio,12074,25/10/2020,15
Genivolta,19047,25/10/2020,13
Gera Lario,13107,25/10/2020,9
Gerenzago,18071,25/10/2020,21
Gerenzano,12075,25/10/2020,111
Germignaga,12076,25/10/2020,35
Gerre de' Caprioli,19048,25/10/2020,33
Gessate,15106,25/10/2020,129
Ghedi,17078,25/10/2020,277
Ghisalba,16113,25/10/2020,57
Gianico,17079,25/10/2020,52
Giussago,18072,25/10/2020,44
Giussano,108024,25/10/2020,396
Godiasco Salice Terme,18073,25/10/2020,26
Goito,20026,25/10/2020,121
Golasecca,12077,25/10/2020,23
Gombito,19049,25/10/2020,8
Gonzaga,20027,25/10/2020,66
Gordona,14032,25/10/2020,12
Gorgonzola,15108,25/10/2020,325
Gorla Maggiore,12078,25/10/2020,46
Gorla Minore,12079,25/10/2020,121
Gorlago,16114,25/10/2020,76
Gorle,16115,25/10/2020,94
Gornate Olona,12080,25/10/2020,23
Gorno,16116,25/10/2020,37
Gottolengo,17080,25/10/2020,108
Graffignana,98028,25/10/2020,38
Grandate,13110,25/10/2020,48
Grandola ed Uniti,13111,25/10/2020,14
Grantola,12081,25/10/2020,15
Grassobbio,16117,25/10/2020,95
Gravedona ed Uniti,13249,25/10/2020,64
Gravellona Lomellina,18075,25/10/2020,30
Grezzago,15110,25/10/2020,29
Gromo,16118,25/10/2020,34
Grone,16119,25/10/2020,11
Grontardo,19050,25/10/2020,22
Gropello Cairoli,18076,25/10/2020,54
Grosio,14033,25/10/2020,33
Grosotto,14034,25/10/2020,8
Grumello Cremonese ed Uniti,19051,25/10/2020,33
Grumello del Monte,16120,25/10/2020,139
Guanzate,13114,25/10/2020,46
Guardamiglio,98029,25/10/2020,46
Gudo Visconti,15112,25/10/2020,13
Guidizzolo,20028,25/10/2020,114
Gussago,17081,25/10/2020,273
Gussola,19052,25/10/2020,46
Idro,17082,25/10/2020,15
Imbersago,97039,25/10/2020,26
Inarzo,12082,25/10/2020,17
Induno Olona,12083,25/10/2020,85
Introbio,97040,25/10/2020,39
Inverigo,13118,25/10/2020,118
Inverno e Monteleone,18077,25/10/2020,27
Inveruno,15113,25/10/2020,106
Inzago,15114,25/10/2020,164
Iseo,17085,25/10/2020,146
Isola di Fondra,16121,25/10/2020,5
Isola Dovarese,19053,25/10/2020,33
Isorella,17086,25/10/2020,67
Ispra,12084,25/10/2020,39
Isso,16122,25/10/2020,8
Izano,19054,25/10/2020,31
Jerago con Orago,12085,25/10/2020,49
La Valletta Brianza,97092,25/10/2020,58
Lacchiarella,15115,25/10/2020,73
Laglio,13119,25/10/2020,13
Lainate,15116,25/10/2020,445
Laino,13120,25/10/2020,4
Lallio,16123,25/10/2020,52
Lambrugo,13121,25/10/2020,19
Landriano,18078,25/10/2020,95
Langosco,18079,25/10/2020,4
Lanzada,14036,25/10/2020,18
Lardirago,18080,25/10/2020,9
Lasnigo,13123,25/10/2020,9
Lavena Ponte Tresa,12086,25/10/2020,52
Laveno-Mombello,12087,25/10/2020,233
Lavenone,17087,25/10/2020,8
Lazzate,108025,25/10/2020,87
Lecco,97042,25/10/2020,646
Leffe,16124,25/10/2020,82
Leggiuno,12088,25/10/2020,35
Legnano,15118,25/10/2020,1020
Lenna,16125,25/10/2020,13
Leno,17088,25/10/2020,210
Lentate sul Seveso,108054,25/10/2020,155
Lesmo,108026,25/10/2020,113
Levate,16126,25/10/2020,53
Lezzeno,13126,25/10/2020,30
Lierna,97043,25/10/2020,11
Limbiate,108027,25/10/2020,558
Limido Comasco,13128,25/10/2020,25
Linarolo,18081,25/10/2020,45
Lipomo,13129,25/10/2020,69
Liscate,15122,25/10/2020,60
Lissone,108028,25/10/2020,625
Livigno,14037,25/10/2020,136
Livraga,98030,25/10/2020,77
Locate di Triulzi,15125,25/10/2020,150
Locate Varesino,13131,25/10/2020,30
Locatello,16127,25/10/2020,14
Lodi,98031,25/10/2020,990
Lodi Vecchio,98032,25/10/2020,129
Lodrino,17090,25/10/2020,28
Lograto,17091,25/10/2020,53
Lomagna,97044,25/10/2020,48
Lomazzo,13133,25/10/2020,77
Lomello,18083,25/10/2020,26
Lonate Ceppino,12089,25/10/2020,45
Lonate Pozzolo,12090,25/10/2020,115
Lonato del Garda,17092,25/10/2020,210
Longhena,17093,25/10/2020,12
Longone al Segrino,13134,25/10/2020,25
Losine,17094,25/10/2020,5
Lovere,16128,25/10/2020,94
Lovero,14038,25/10/2020,6
Lozio,17095,25/10/2020,21
Lozza,12091,25/10/2020,6
Luino,12092,25/10/2020,93
Luisago,13135,25/10/2020,20
Lumezzane,17096,25/10/2020,285
Lungavilla,18084,25/10/2020,33
Lurago d'Erba,13136,25/10/2020,49
Lurago Marinone,13137,25/10/2020,16
Lurano,16129,25/10/2020,37
Lurate Caccivio,13138,25/10/2020,79
Luvinate,12093,25/10/2020,10
Luzzana,16130,25/10/2020,9
Maccagno con Pino e Veddasca,12142,25/10/2020,9
Macherio,108029,25/10/2020,89
Maclodio,17097,25/10/2020,15
Madignano,19055,25/10/2020,38
Madone,16131,25/10/2020,45
Magenta,15130,25/10/2020,298
Magherno,18085,25/10/2020,31
Magnacavallo,20029,25/10/2020,13
Magnago,15131,25/10/2020,89
Magreglio,13139,25/10/2020,6
Mairago,98034,25/10/2020,10
Mairano,17099,25/10/2020,30
Malagnino,19056,25/10/2020,34
Malegno,17100,25/10/2020,40
Maleo,98035,25/10/2020,106
Malgesso,12095,25/10/2020,8
Malgrate,97045,25/10/2020,49
Malnate,12096,25/10/2020,248
Malonno,17101,25/10/2020,95
Mandello del Lario,97046,25/10/2020,78
Manerba del Garda,17102,25/10/2020,53
Manerbio,17103,25/10/2020,252
Mantello,14039,25/10/2020,8
Mantova,20030,25/10/2020,524
Mapello,16132,25/10/2020,84
Marcallo con Casone,15134,25/10/2020,82
Marcaria,20031,25/10/2020,115
Marcheno,17104,25/10/2020,66
Marchirolo,12097,25/10/2020,17
Marcignago,18086,25/10/2020,76
Mariana Mantovana,20032,25/10/2020,5
Mariano Comense,13143,25/10/2020,287
Marmentino,17105,25/10/2020,4
Marmirolo,20033,25/10/2020,56
Marnate,12098,25/10/2020,55
Marone,17106,25/10/2020,46
Martignana di Po,19057,25/10/2020,37
Martinengo,16133,25/10/2020,157
Marudo,98036,25/10/2020,12
Marzano,18087,25/10/2020,23
Masate,15136,25/10/2020,31
Masciago Primo,12100,25/10/2020,4
Maslianico,13144,25/10/2020,23
Massalengo,98037,25/10/2020,47
Mazzano,17107,25/10/2020,137
Meda,108030,25/10/2020,256
Mede,18088,25/10/2020,36
Mediglia,15139,25/10/2020,257
Medolago,16250,25/10/2020,26
Medole,20034,25/10/2020,43
Melegnano,15140,25/10/2020,433
Meleti,98038,25/10/2020,24
Mello,14041,25/10/2020,9
Melzo,15142,25/10/2020,299
Menaggio,13145,25/10/2020,35
Menconico,18089,25/10/2020,37
Merate,97048,25/10/2020,285
Mercallo,12101,25/10/2020,26
Merlino,98039,25/10/2020,16
Merone,13147,25/10/2020,53
Mese,14043,25/10/2020,9
Mesenzana,12102,25/10/2020,22
Mesero,15144,25/10/2020,82
Mezzago,108031,25/10/2020,47
Mezzana Bigli,18090,25/10/2020,12
Mezzana Rabattone,18091,25/10/2020,5
Mezzanino,18092,25/10/2020,22
Milano,15146,25/10/2020,23787
Milzano,17108,25/10/2020,22
Miradolo Terme,18093,25/10/2020,48
Misano di Gera d'Adda,16135,25/10/2020,46
Misinto,108032,25/10/2020,66
Missaglia,97049,25/10/2020,64
Moggio,97050,25/10/2020,7
Moglia,20035,25/10/2020,68
Molteno,97051,25/10/2020,25
Moltrasio,13152,25/10/2020,10
Monasterolo del Castello,16137,25/10/2020,12
Monguzzo,13153,25/10/2020,10
Moniga del Garda,17109,25/10/2020,28
Montagna in Valtellina,14044,25/10/2020,34
Montalto Pavese,18094,25/10/2020,7
Montanaso Lombardo,98040,25/10/2020,36
Montano Lucino,13154,25/10/2020,47
Monte Cremasco,19058,25/10/2020,21
Monte Isola,17111,25/10/2020,15
Monte Marenzo,97052,25/10/2020,10
Montebello della Battaglia,18095,25/10/2020,35
Montecalvo Versiggia,18096,25/10/2020,4
Montegrino Valtravaglia,12103,25/10/2020,13
Montello,16139,25/10/2020,40
Montescano,18097,25/10/2020,6
Montesegale,18098,25/10/2020,7
Montevecchia,97053,25/10/2020,30
Monticelli Brusati,17112,25/10/2020,81
Monticelli Pavese,18099,25/10/2020,8
Monticello Brianza,97054,25/10/2020,68
Montichiari,17113,25/10/2020,380
Montirone,17114,25/10/2020,96
Montodine,19059,25/10/2020,53
Montorfano,13157,25/10/2020,21
Montù Beccaria,18100,25/10/2020,14
Monvalle,12104,25/10/2020,8
Monza,108033,25/10/2020,2067
Monzambano,20036,25/10/2020,28
Morazzone,12105,25/10/2020,27
Morbegno,14045,25/10/2020,200
Morengo,16140,25/10/2020,37
Morimondo,15150,25/10/2020,57
Mornago,12106,25/10/2020,34
Mornico al Serio,16141,25/10/2020,34
Mornico Losana,18101,25/10/2020,5
Mortara,18102,25/10/2020,315
Moscazzano,19060,25/10/2020,6
Motta Baluffi,19061,25/10/2020,18
Motta Visconti,15151,25/10/2020,68
Motteggiana,20037,25/10/2020,23
Mozzanica,16142,25/10/2020,49
Mozzate,13159,25/10/2020,94
Mozzo,16143,25/10/2020,106
Muggiò,108034,25/10/2020,346
Mulazzano,98041,25/10/2020,78
Mura,17115,25/10/2020,10
Muscoline,17116,25/10/2020,32
Musso,13160,25/10/2020,16
Nave,17117,25/10/2020,175
Nembro,16144,25/10/2020,336
Nerviano,15154,25/10/2020,202
Nesso,13161,25/10/2020,6
Niardo,17118,25/10/2020,24
Nibionno,97056,25/10/2020,39
Nosate,15155,25/10/2020,5
Nova Milanese,108035,25/10/2020,320
Novate Mezzola,14046,25/10/2020,11
Novate Milanese,15157,25/10/2020,265
Novedrate,13163,25/10/2020,15
Noviglio,15158,25/10/2020,49
Nuvolento,17119,25/10/2020,41
Nuvolera,17120,25/10/2020,94
Odolo,17121,25/10/2020,48
Offanengo,19062,25/10/2020,119
Offlaga,17122,25/10/2020,42
Oggiona con Santo Stefano,12107,25/10/2020,53
Oggiono,97057,25/10/2020,120
Olevano di Lomellina,18104,25/10/2020,7
Olgiate Comasco,13165,25/10/2020,94
Olgiate Molgora,97058,25/10/2020,134
Olgiate Olona,12108,25/10/2020,125
Olginate,97059,25/10/2020,79
Oliveto Lario,97060,25/10/2020,12
Olmeneta,19063,25/10/2020,20
Olmo al Brembo,16145,25/10/2020,12
Oltre il Colle,16146,25/10/2020,19
Oltrona di San Mamette,13169,25/10/2020,27
Ome,17123,25/10/2020,44
Oneta,16148,25/10/2020,12
Ono San Pietro,17124,25/10/2020,22
Onore,16149,25/10/2020,17
Opera,15159,25/10/2020,162
Origgio,12109,25/10/2020,110
Orino,12110,25/10/2020,12
Orio al Serio,16150,25/10/2020,28
Orio Litta,98042,25/10/2020,25
Ornago,108036,25/10/2020,41
Orsenigo,13170,25/10/2020,22
Orzinuovi,17125,25/10/2020,264
Orzivecchi,17126,25/10/2020,31
Osio Sopra,16152,25/10/2020,72
Osio Sotto,16153,25/10/2020,172
Osnago,97061,25/10/2020,50
Ospedaletto Lodigiano,98043,25/10/2020,27
Ospitaletto,17127,25/10/2020,222
Ossago Lodigiano,98044,25/10/2020,19
Ossimo,17128,25/10/2020,24
Ossona,15164,25/10/2020,57
Ostiano,19064,25/10/2020,73
Ostiglia,20038,25/10/2020,45
Ottobiano,18106,25/10/2020,22
Ozzero,15165,25/10/2020,18
Padenghe sul Garda,17129,25/10/2020,85
Paderno d'Adda,97062,25/10/2020,50
Paderno Dugnano,15166,25/10/2020,779
Paderno Franciacorta,17130,25/10/2020,45
Paderno Ponchielli,19065,25/10/2020,33
Pagazzano,16154,25/10/2020,22
Paitone,17132,25/10/2020,25
Paladina,16155,25/10/2020,88
Palazzago,16156,25/10/2020,35
Palazzo Pignano,19066,25/10/2020,39
Palazzolo sull'Oglio,17133,25/10/2020,289
Palestro,18107,25/10/2020,8
Palosco,16157,25/10/2020,83
Pandino,19067,25/10/2020,148
Pantigliate,15167,25/10/2020,79
Parabiago,15168,25/10/2020,386
Paratico,17134,25/10/2020,75
Parona,18109,25/10/2020,23
Parre,16158,25/10/2020,54
Paspardo,17135,25/10/2020,12
Passirano,17136,25/10/2020,100
Pasturo,97065,25/10/2020,14
Paullo,15169,25/10/2020,194
Pavia,18110,25/10/2020,1136
Pavone del Mella,17137,25/10/2020,50
Pedrengo,16160,25/10/2020,71
Pegognaga,20039,25/10/2020,81
Peia,16161,25/10/2020,27
Perledo,97067,25/10/2020,50
Pero,15170,25/10/2020,177
Persico Dosimo,19068,25/10/2020,82
Pertica Bassa,17140,25/10/2020,14
Pescarolo ed Uniti,19069,25/10/2020,24
Pescate,97068,25/10/2020,21
Peschiera Borromeo,15171,25/10/2020,268
Pessano con Bornago,15172,25/10/2020,172
Pessina Cremonese,19070,25/10/2020,6
Pezzaze,17141,25/10/2020,32
Piadena Drizzona,19116,25/10/2020,62
Pian Camuno,17142,25/10/2020,72
Piancogno,17206,25/10/2020,117
Pianello del Lario,13183,25/10/2020,12
Pianengo,19072,25/10/2020,43
Pianico,16162,25/10/2020,23
Piantedo,14048,25/10/2020,10
Piario,16163,25/10/2020,33
Piateda,14049,25/10/2020,16
Piazza Brembana,16164,25/10/2020,48
Piazzatorre,16165,25/10/2020,8
Pieranica,19073,25/10/2020,11
Pietra de' Giorgi,18111,25/10/2020,11
Pieve Albignola,18112,25/10/2020,6
Pieve d'Olmi,19074,25/10/2020,29
Pieve del Cairo,18113,25/10/2020,19
Pieve Emanuele,15173,25/10/2020,194
Pieve Fissiraga,98045,25/10/2020,20
Pieve Porto Morone,18114,25/10/2020,42
Pieve San Giacomo,19075,25/10/2020,23
Pinarolo Po,18115,25/10/2020,34
Pioltello,15175,25/10/2020,566
Pisogne,17143,25/10/2020,166
Piubega,20041,25/10/2020,24
Piuro,14050,25/10/2020,11
Pizzale,18116,25/10/2020,12
Pizzighettone,19076,25/10/2020,177
Plesio,13185,25/10/2020,6
Poggio Rusco,20042,25/10/2020,48
Poggiridenti,14051,25/10/2020,13
Pogliano Milanese,15176,25/10/2020,122
Pognana Lario,13186,25/10/2020,8
Pognano,16167,25/10/2020,29
Polaveno,17144,25/10/2020,25
Polpenazze del Garda,17145,25/10/2020,29
Pompiano,17146,25/10/2020,58
Pomponesco,20043,25/10/2020,27
Poncarale,17147,25/10/2020,72
Ponte di Legno,17148,25/10/2020,27
Ponte in Valtellina,14052,25/10/2020,59
Ponte Lambro,13188,25/10/2020,41
Ponte Nizza,18117,25/10/2020,15
Ponte Nossa,16168,25/10/2020,33
Ponte San Pietro,16170,25/10/2020,179
Ponteranica,16169,25/10/2020,111
Pontevico,17149,25/10/2020,176
Ponti sul Mincio,20044,25/10/2020,16
Pontida,16171,25/10/2020,36
Pontirolo Nuovo,16172,25/10/2020,61
Pontoglio,17150,25/10/2020,121
Porlezza,13189,25/10/2020,100
Portalbera,18118,25/10/2020,24
Porto Ceresio,12113,25/10/2020,24
Porto Mantovano,20045,25/10/2020,106
Porto Valtravaglia,12114,25/10/2020,17
Postalesio,14053,25/10/2020,5
Pozzaglio ed Uniti,19077,25/10/2020,29
Pozzo d'Adda,15177,25/10/2020,89
Pozzolengo,17151,25/10/2020,39
Pozzuolo Martesana,15178,25/10/2020,100
Pradalunga,16173,25/10/2020,107
Pralboino,17152,25/10/2020,68
Prata Camportaccio,14054,25/10/2020,25
Predore,16174,25/10/2020,33
Pregnana Milanese,15179,25/10/2020,109
Premana,97069,25/10/2020,34
Premolo,16175,25/10/2020,19
Preseglie,17153,25/10/2020,15
Presezzo,16176,25/10/2020,74
Prevalle,17155,25/10/2020,63
Primaluna,97070,25/10/2020,10
Proserpio,13192,25/10/2020,12
Provaglio d'Iseo,17156,25/10/2020,113
Provaglio Val Sabbia,17157,25/10/2020,15
Puegnago del Garda,17158,25/10/2020,36
Pumenengo,16177,25/10/2020,18
Pusiano,13193,25/10/2020,9
Quingentole,20046,25/10/2020,5
Quintano,19078,25/10/2020,22
Quinzano d'Oglio,17159,25/10/2020,87
Quistello,20047,25/10/2020,27
Rancio Valcuvia,12115,25/10/2020,6
Ranco,12116,25/10/2020,10
Ranica,16178,25/10/2020,85
Ranzanico,16179,25/10/2020,22
Rea,18119,25/10/2020,12
Redavalle,18120,25/10/2020,11
Redondesco,20048,25/10/2020,11
Remedello,17160,25/10/2020,43
Renate,108037,25/10/2020,63
Rescaldina,15181,25/10/2020,128
Retorbido,18121,25/10/2020,21
Rezzato,17161,25/10/2020,239
Rho,15182,25/10/2020,897
Ricengo,19079,25/10/2020,13
Ripalta Arpina,19080,25/10/2020,19
Ripalta Cremasca,19081,25/10/2020,64
Riva di Solto,16180,25/10/2020,17
Rivanazzano Terme,18122,25/10/2020,127
Rivarolo del Re ed Uniti,19083,25/10/2020,26
Rivarolo Mantovano,20050,25/10/2020,54
Rivolta d'Adda,19084,25/10/2020,158
Robbiate,97071,25/10/2020,73
Robbio,18123,25/10/2020,94
Robecchetto con Induno,15183,25/10/2020,50
Robecco d'Oglio,19085,25/10/2020,96
Robecco Pavese,18124,25/10/2020,8
Robecco sul Naviglio,15184,25/10/2020,71
Roccafranca,17162,25/10/2020,64
Rodano,15185,25/10/2020,49
Rodengo Saiano,17163,25/10/2020,120
Rodero,13197,25/10/2020,4
Rodigo,20051,25/10/2020,128
Roè Volciano,17164,25/10/2020,59
Rogeno,97072,25/10/2020,24
Rognano,18127,25/10/2020,11
Rogno,16182,25/10/2020,66
Romagnese,18128,25/10/2020,14
Romanengo,19086,25/10/2020,58
Romano di Lombardia,16183,25/10/2020,284
Ronago,13199,25/10/2020,8
Roncadelle,17165,25/10/2020,145
Roncaro,18129,25/10/2020,22
Roncello,108055,25/10/2020,47
Ronco Briantino,108038,25/10/2020,36
Roncoferraro,20052,25/10/2020,26
Roncola,16185,25/10/2020,8
Rosasco,18130,25/10/2020,4
Rosate,15188,25/10/2020,63
Rota d'Imagna,16186,25/10/2020,11
Rovato,17166,25/10/2020,251
Rovellasca,13201,25/10/2020,68
Rovello Porro,13202,25/10/2020,74
Roverbella,20053,25/10/2020,50
Rovetta,16187,25/10/2020,90
Rozzano,15189,25/10/2020,567
Rudiano,17167,25/10/2020,56
Sabbio Chiese,17168,25/10/2020,88
Sabbioneta,20054,25/10/2020,78
Sala Comacina,13203,25/10/2020,41
Sale Marasino,17169,25/10/2020,52
Salerano sul Lambro,98046,25/10/2020,49
Salò,17170,25/10/2020,154
Saltrio,12117,25/10/2020,16
Salvirola,19087,25/10/2020,15
Samarate,12118,25/10/2020,167
Samolaco,14057,25/10/2020,17
San Bartolomeo Val Cavargna,13204,25/10/2020,6
San Bassano,19088,25/10/2020,112
San Benedetto Po,20055,25/10/2020,96
San Colombano al Lambro,15191,25/10/2020,210
San Damiano al Colle,18134,25/10/2020,8
San Daniele Po,19089,25/10/2020,27
San Donato Milanese,15192,25/10/2020,415
San Felice del Benaco,17171,25/10/2020,34
San Fermo della Battaglia,13206,25/10/2020,69
San Fiorano,98047,25/10/2020,45
San Genesio ed Uniti,18135,25/10/2020,32
San Gervasio Bresciano,17172,25/10/2020,32
San Giacomo delle Segnate,20056,25/10/2020,14
San Giorgio Bigarello,20057,25/10/2020,66
San Giorgio di Lomellina,18136,25/10/2020,10
San Giorgio su Legnano,15194,25/10/2020,69
San Giovanni Bianco,16188,25/10/2020,98
San Giovanni del Dosso,20058,25/10/2020,12
San Giovanni in Croce,19090,25/10/2020,55
San Giuliano Milanese,15195,25/10/2020,668
San Martino dall'Argine,20059,25/10/2020,24
San Martino del Lago,19091,25/10/2020,6
San Martino in Strada,98048,25/10/2020,73
San Martino Siccomario,18137,25/10/2020,76
San Nazzaro Val Cavargna,13207,25/10/2020,6
San Paolo,17138,25/10/2020,86
San Paolo d'Argon,16189,25/10/2020,69
San Pellegrino Terme,16190,25/10/2020,91
San Rocco al Porto,98049,25/10/2020,65
San Siro,13248,25/10/2020,17
San Vittore Olona,15201,25/10/2020,126
San Zeno Naviglio,17173,25/10/2020,59
San Zenone al Lambro,15202,25/10/2020,76
Sangiano,12141,25/10/2020,10
Sannazzaro de' Burgondi,18138,25/10/2020,91
Sant'Alessio con Vialone,18141,25/10/2020,11
Sant'Angelo Lodigiano,98050,25/10/2020,233
Sant'Omobono Terme,16252,25/10/2020,38
Santa Brigida,16191,25/10/2020,12
Santa Cristina e Bissone,18139,25/10/2020,41
Santa Giuletta,18140,25/10/2020,25
Santa Margherita di Staffora,18142,25/10/2020,4
Santa Maria della Versa,18143,25/10/2020,18
Santa Maria Hoè,97074,25/10/2020,19
Santo Stefano Lodigiano,98051,25/10/2020,37
Santo Stefano Ticino,15200,25/10/2020,52
Sarezzo,17174,25/10/2020,148
Sarnico,16193,25/10/2020,84
Saronno,12119,25/10/2020,528
Sartirana Lomellina,18146,25/10/2020,16
Saviore dell'Adamello,17175,25/10/2020,13
Scandolara Ravara,19092,25/10/2020,40
Scandolara Ripa d'Oglio,19093,25/10/2020,10
Scanzorosciate,16194,25/10/2020,171
Schignano,13211,25/10/2020,4
Schilpario,16195,25/10/2020,24
Schivenoglia,20060,25/10/2020,69
Secugnago,98052,25/10/2020,35
Sedriano,15204,25/10/2020,166
Sedrina,16196,25/10/2020,43
Segrate,15205,25/10/2020,550
Sellero,17176,25/10/2020,21
Selvino,16197,25/10/2020,32
Senago,15206,25/10/2020,303
Seniga,17177,25/10/2020,27
Senna Comasco,13212,25/10/2020,24
Senna Lodigiana,98053,25/10/2020,25
Seregno,108039,25/10/2020,609
Sergnano,19094,25/10/2020,74
Seriate,16198,25/10/2020,362
Serina,16199,25/10/2020,33
Serle,17178,25/10/2020,41
Sermide e Felonica,20061,25/10/2020,118
Serravalle a Po,20062,25/10/2020,49
Sesto Calende,12120,25/10/2020,106
Sesto ed Uniti,19095,25/10/2020,63
Sesto San Giovanni,15209,25/10/2020,1310
Settala,15210,25/10/2020,73
Settimo Milanese,15211,25/10/2020,344
Seveso,108040,25/10/2020,295
Silvano Pietra,18149,25/10/2020,6
Sirmione,17179,25/10/2020,83
Sirone,97075,25/10/2020,19
Sirtori,97076,25/10/2020,19
Siziano,18150,25/10/2020,76
Soiano del Lago,17180,25/10/2020,14
Solaro,15213,25/10/2020,173
Solarolo Rainerio,19096,25/10/2020,28
Solbiate Arno,12121,25/10/2020,21
Solbiate con Cagno,13255,25/10/2020,57
Solbiate Olona,12122,25/10/2020,46
Solferino,20063,25/10/2020,79
Solto Collina,16200,25/10/2020,26
Solza,16251,25/10/2020,22
Somaglia,98054,25/10/2020,60
Somma Lombardo,12123,25/10/2020,239
Sommo,18151,25/10/2020,12
Soncino,19097,25/10/2020,97
Sondalo,14060,25/10/2020,40
Sondrio,14061,25/10/2020,277
Songavazzo,16201,25/10/2020,21
Sonico,17181,25/10/2020,24
Sordio,98055,25/10/2020,77
Soresina,19098,25/10/2020,279
Sorico,13216,25/10/2020,10
Sorisole,16202,25/10/2020,110
Sospiro,19099,25/10/2020,153
Sotto il Monte Giovanni XXIII,16203,25/10/2020,58
Sovere,16204,25/10/2020,103
Sovico,108041,25/10/2020,82
Spessa,18152,25/10/2020,9
Spinadesco,19100,25/10/2020,39
Spineda,19101,25/10/2020,14
Spino d'Adda,19102,25/10/2020,71
Spinone al Lago,16205,25/10/2020,12
Spirano,16206,25/10/2020,80
Stagno Lombardo,19103,25/10/2020,31
Stezzano,16207,25/10/2020,203
Stradella,18153,25/10/2020,192
Strozza,16208,25/10/2020,13
Suardi,18154,25/10/2020,4
Suello,97078,25/10/2020,47
Suisio,16209,25/10/2020,50
Sulbiate,108042,25/10/2020,38
Sulzano,17182,25/10/2020,20
Sumirago,12124,25/10/2020,53
Sustinente,20064,25/10/2020,9
Suzzara,20065,25/10/2020,229
Taino,12125,25/10/2020,47
Talamona,14063,25/10/2020,58
Taleggio,16210,25/10/2020,10
Tavazzano con Villavesco,98056,25/10/2020,107
Tavernerio,13222,25/10/2020,92
Tavernola Bergamasca,16211,25/10/2020,34
Tavernole sul Mella,17183,25/10/2020,10
Teglio,14065,25/10/2020,78
Telgate,16212,25/10/2020,65
Temù,17184,25/10/2020,34
Ternate,12126,25/10/2020,35
Terno d'Isola,16213,25/10/2020,84
Terranova dei Passerini,98057,25/10/2020,18
Ticengo,19104,25/10/2020,7
Tignale,17185,25/10/2020,6
Tirano,14066,25/10/2020,136
Torbole Casaglia,17186,25/10/2020,92
Tornata,19106,25/10/2020,4
Torno,13223,25/10/2020,15
Torrazza Coste,18155,25/10/2020,18
Torre Beretti e Castellaro,18156,25/10/2020,5
Torre Boldone,16214,25/10/2020,152
Torre d'Arese,18157,25/10/2020,9
Torre d'Isola,18159,25/10/2020,29
Torre de' Busi,16215,25/10/2020,15
Torre de' Negri,18158,25/10/2020,5
Torre de' Picenardi,19107,25/10/2020,20
Torre de' Roveri,16216,25/10/2020,23
Torre Pallavicina,16217,25/10/2020,13
Torrevecchia Pia,18160,25/10/2020,46
Torricella del Pizzo,19108,25/10/2020,10
Torricella Verzate,18161,25/10/2020,9
Toscolano-Maderno,17187,25/10/2020,88
Tovo di Sant'Agata,14068,25/10/2020,4
Tradate,12127,25/10/2020,243
Traona,14069,25/10/2020,20
Travacò Siccomario,18162,25/10/2020,43
Travagliato,17188,25/10/2020,192
Travedona-Monate,12128,25/10/2020,30
Tremezzina,13252,25/10/2020,65
Tremosine sul Garda,17189,25/10/2020,4
Trenzano,17190,25/10/2020,72
Trescore Balneario,16218,25/10/2020,119
Trescore Cremasco,19109,25/10/2020,38
Tresivio,14070,25/10/2020,19
Treviglio,16219,25/10/2020,477
Treviolo,16220,25/10/2020,181
Treviso Bresciano,17191,25/10/2020,9
Trezzano Rosa,15219,25/10/2020,44
Trezzano sul Naviglio,15220,25/10/2020,310
Trezzo sull'Adda,15221,25/10/2020,216
Tribiano,15222,25/10/2020,44
Trigolo,19110,25/10/2020,88
Triuggio,108043,25/10/2020,87
Trivolzio,18163,25/10/2020,24
Tromello,18164,25/10/2020,28
Trovo,18165,25/10/2020,14
Truccazzano,15224,25/10/2020,79
Turano Lodigiano,98058,25/10/2020,32
Turate,13227,25/10/2020,108
Turbigo,15226,25/10/2020,98
Ubiale Clanezzo,16221,25/10/2020,12
Uboldo,12130,25/10/2020,112
Uggiate-Trevano,13228,25/10/2020,22
Urago d'Oglio,17192,25/10/2020,65
Urgnano,16222,25/10/2020,136
Usmate Velate,108044,25/10/2020,135
Vaiano Cremasco,19111,25/10/2020,66
Vailate,19112,25/10/2020,74
Val Brembilla,16253,25/10/2020,104
Val di Nizza,18166,25/10/2020,4
Val Masino,14074,25/10/2020,5
Valbondione,16223,25/10/2020,29
Valbrembo,16224,25/10/2020,70
Valbrona,13229,25/10/2020,26
Valdidentro,14071,25/10/2020,47
Valdisotto,14072,25/10/2020,52
Valera Fratta,98059,25/10/2020,32
Valfurva,14073,25/10/2020,54
Valganna,12131,25/10/2020,9
Valgoglio,16225,25/10/2020,6
Valgreghentino,97082,25/10/2020,20
Valle Lomellina,18168,25/10/2020,37
Valle Salimbene,18169,25/10/2020,25
Vallio Terme,17193,25/10/2020,17
Valmadrera,97083,25/10/2020,126
Valmorea,13232,25/10/2020,30
Valnegra,16227,25/10/2020,6
Valsolda,13234,25/10/2020,10
Valvarrone,97093,25/10/2020,5
Vanzaghello,15249,25/10/2020,67
Vanzago,15229,25/10/2020,162
Vaprio d'Adda,15230,25/10/2020,103
Varano Borghi,12132,25/10/2020,34
Varedo,108045,25/10/2020,156
Varenna,97084,25/10/2020,5
Varese,12133,25/10/2020,799
Varzi,18171,25/10/2020,62
Vedano al Lambro,108046,25/10/2020,122
Vedano Olona,12134,25/10/2020,60
Veduggio con Colzano,108047,25/10/2020,54
Vellezzo Bellini,18173,25/10/2020,66
Venegono Inferiore,12136,25/10/2020,57
Venegono Superiore,12137,25/10/2020,43
Veniano,13238,25/10/2020,18
Verano Brianza,108048,25/10/2020,108
Vercana,13239,25/10/2020,5
Verceia,14075,25/10/2020,14
Vercurago,97086,25/10/2020,34
Verdellino,16232,25/10/2020,106
Verdello,16233,25/10/2020,119
Verderio,97091,25/10/2020,73
Vergiate,12138,25/10/2020,144
Vermezzo con Zelo,15251,25/10/2020,72
Vernate,15236,25/10/2020,31
Verolanuova,17195,25/10/2020,188
Verolavecchia,17196,25/10/2020,60
Verretto,18174,25/10/2020,5
Verrua Po,18175,25/10/2020,16
Vertemate con Minoprio,13242,25/10/2020,35
Vertova,16234,25/10/2020,108
Vescovato,19113,25/10/2020,120
Vestone,17197,25/10/2020,148
Vezza d'Oglio,17198,25/10/2020,32
Viadana,20066,25/10/2020,442
Viadanica,16235,25/10/2020,10
Vidigulfo,18176,25/10/2020,138
Viganò,97090,25/10/2020,30
Vigano San Martino,16236,25/10/2020,13
Vigevano,18177,25/10/2020,874
Viggiù,12139,25/10/2020,108
Vignate,15237,25/10/2020,98
Vigolo,16237,25/10/2020,14
Villa Carcina,17199,25/10/2020,177
Villa Cortese,15248,25/10/2020,120
Villa d'Adda,16238,25/10/2020,75
Villa d'Ogna,16241,25/10/2020,41
Villa di Chiavenna,14077,25/10/2020,6
Villa di Serio,16240,25/10/2020,135
Villa di Tirano,14078,25/10/2020,23
Villa Guardia,13245,25/10/2020,69
Villachiara,17200,25/10/2020,20
Villanova d'Ardenghi,18179,25/10/2020,15
Villanova del Sillaro,98060,25/10/2020,20
Villanterio,18180,25/10/2020,47
Villanuova sul Clisi,17201,25/10/2020,98
Villasanta,108049,25/10/2020,195
Villimpenta,20068,25/10/2020,9
Villongo,16242,25/10/2020,78
Vilminore di Scalve,16243,25/10/2020,22
Vimercate,108050,25/10/2020,379
Vimodrone,15242,25/10/2020,331
Vione,17202,25/10/2020,17
Visano,17203,25/10/2020,27
Vistarino,18181,25/10/2020,20
Vittuone,15243,25/10/2020,225
Vizzola Ticino,12140,25/10/2020,4
Vizzolo Predabissi,15244,25/10/2020,97
Vobarno,17204,25/10/2020,169
Voghera,18182,25/10/2020,651
Volongo,19114,25/10/2020,7
Volta Mantovana,20070,25/10/2020,190
Zandobbio,16244,25/10/2020,36
Zanica,16245,25/10/2020,118
Zavattarello,18184,25/10/2020,46
Zeccone,18185,25/10/2020,19
Zelo Buon Persico,98061,25/10/2020,110
Zeme,18186,25/10/2020,38
Zenevredo,18187,25/10/2020,5
Zerbolò,18189,25/10/2020,17
Zibido San Giacomo,15247,25/10/2020,42
Zinasco,18190,25/10/2020,28
Zogno,16246,25/10/2020,195
Zone,17205,25/10/2020,13